"Table with row headers in column A, L, W, AH, AS, BD, BO, BZ, CK, CV, and DG, and column headers in rows 6 through 8 and 46 through 48.",,,,,,,,,,,,,,,,,,,,,,,,,,,,,,,,,,,,,,,,,,,,,,,,,,,,,,,,,,,,,,,,,,,,,,,,,,,,,,,,,,,,,,,,,,,,,,,,,,,,,,,,
butts,Alabama,,Alaska,,Arizona,,Arkansas,,California,,Colorado,,Connecticut,,Delaware,,District of Columbia ,,Florida,,Georgia,,Hawaii,,Idaho,,Illinois,,Indiana,,Iowa,,Kansas,,Kentucky,,Louisiana,,Maine,,Maryland,,Massachusetts,,Michigan,,Minnesota,,Mississippi,,Missouri,,Montana,,Nebraska,,Nevada,,New Hampshire,,New Jersey,,New Mexico,,New York,,North Carolina,,North Dakota,,Ohio,,Oklahoma,,Oregon,,Pennsylvania,,Puerto Rico,,Rhode Island,,South Carolina,,South Dakota,,Tennessee,,Texas,,Utah,,Vermont,,Virginia,,Washington,,West Virginia,,Wisconsin,,Wyoming,
,Estimate,MOE,Estimate,MOE,Estimate,MOE,Estimate,MOE,Estimate,MOE,Estimate,MOE,Estimate,MOE,Estimate,MOE,Estimate,MOE,Estimate,MOE,Estimate,MOE,Estimate,MOE,Estimate,MOE,Estimate,MOE,Estimate,MOE,Estimate,MOE,Estimate,MOE,Estimate,MOE,Estimate,MOE,Estimate,MOE,Estimate,MOE,Estimate,MOE,Estimate,MOE,Estimate,MOE,Estimate,MOE,Estimate,MOE,Estimate,MOE,Estimate,MOE,Estimate,MOE,Estimate,MOE,Estimate,MOE,Estimate,MOE,Estimate,MOE,Estimate,MOE,Estimate,MOE,Estimate,MOE,Estimate,MOE,Estimate,MOE,Estimate,MOE,Estimate,MOE,Estimate,MOE,Estimate,MOE,Estimate,MOE,Estimate,MOE,Estimate,MOE,Estimate,MOE,Estimate,MOE,Estimate,MOE,Estimate,MOE,Estimate,MOE,Estimate,MOE,Estimate,MOE
Alabama,"593,683 ","+/- 19,539",392 ,+/- 299,"1,304 ",+/- 900,"1,811 ","+/- 1,077","5,984 ","+/- 2,126","1,158 ",+/- 721,213 ,+/- 191,392 ,+/- 587,245 ,+/- 183,"19,258 ","+/- 3,784","21,146 ","+/- 3,075",352 ,+/- 254,53 ,+/- 89,"4,666 ","+/- 1,728","3,178 ","+/- 1,267",893 ,+/- 699,381 ,+/- 457,"3,267 ","+/- 1,311","10,034 ","+/- 3,302",304 ,+/- 401,739 ,+/- 469,397 ,+/- 484,"4,128 ","+/- 1,677",333 ,+/- 323,"11,325 ","+/- 2,456","2,271 ","+/- 1,013",0 ,+/- 265,66 ,+/- 90,181 ,+/- 209,101 ,+/- 128,"1,035 ",+/- 669,311 ,+/- 263,"3,732 ","+/- 1,746","3,926 ","+/- 1,356",326 ,+/- 403,"4,535 ","+/- 2,048","1,757 ","+/- 1,202",113 ,+/- 186,"1,277 ",+/- 800,301 ,+/- 263,0 ,+/- 265,"1,679 ",+/- 740,53 ,+/- 89,"8,241 ","+/- 2,333","8,457 ","+/- 1,903","1,387 ","+/- 1,457",351 ,+/- 595,"2,316 ",+/- 757,"1,529 ","+/- 1,033",154 ,+/- 168,"1,501 ","+/- 1,259",519 ,+/- 690
Alaska,751 ,+/- 699,"102,086 ","+/- 7,495","1,190 ",+/- 711,503 ,+/- 723,"3,353 ","+/- 1,375",968 ,+/- 708,498 ,+/- 470,0 ,+/- 235,0 ,+/- 235,940 ,+/- 588,"1,602 ","+/- 1,062","1,190 ",+/- 967,662 ,+/- 539,349 ,+/- 351,447 ,+/- 695,377 ,+/- 446,293 ,+/- 367,241 ,+/- 292,332 ,+/- 322,119 ,+/- 148,117 ,+/- 155,740 ,+/- 489,346 ,+/- 277,"1,216 ",+/- 838,396 ,+/- 443,476 ,+/- 524,729 ,+/- 410,"1,087 ","+/- 1,496","1,344 ","+/- 1,134",62 ,+/- 105,153 ,+/- 206,14 ,+/- 25,809 ,+/- 566,966 ,+/- 798,0 ,+/- 235,556 ,+/- 378,241 ,+/- 225,"2,577 ",+/- 991,454 ,+/- 450,0 ,+/- 235,206 ,+/- 357,61 ,+/- 71,0 ,+/- 235,71 ,+/- 81,"2,362 ","+/- 1,343","1,483 ","+/- 1,107",0 ,+/- 235,"1,325 ",+/- 710,"4,850 ","+/- 1,881",37 ,+/- 62,845 ,+/- 756,334 ,+/- 374
Arizona,"1,805 ","+/- 1,432","3,715 ","+/- 1,882","935,748 ","+/- 26,598","1,163 ",+/- 690,"85,497 ","+/- 8,213","7,030 ","+/- 1,973","1,392 ",+/- 758,589 ,+/- 761,352 ,+/- 383,"7,667 ","+/- 1,829","3,084 ","+/- 1,350","2,840 ","+/- 1,982","4,668 ","+/- 2,156","9,344 ","+/- 2,603","3,537 ","+/- 1,489","5,035 ","+/- 2,047","1,714 ",+/- 831,"2,744 ","+/- 2,274","2,609 ","+/- 1,136","1,430 ","+/- 1,035","2,763 ","+/- 1,239","1,824 ",+/- 805,"10,422 ","+/- 2,981","6,189 ","+/- 2,557","1,068 ",+/- 962,"1,583 ",+/- 722,"2,609 ","+/- 1,434","1,991 ","+/- 1,013","10,495 ","+/- 2,357","1,536 ","+/- 1,293","3,467 ","+/- 1,242","8,583 ","+/- 2,466","7,128 ","+/- 1,654","3,490 ","+/- 1,235",891 ,+/- 600,"7,860 ","+/- 2,634","2,754 ","+/- 1,104","7,224 ","+/- 2,203","5,623 ","+/- 1,935",601 ,+/- 963,858 ,+/- 810,"1,804 ",+/- 827,"2,530 ","+/- 1,298","1,776 ",+/- 825,"17,130 ","+/- 3,101","7,727 ","+/- 2,475",316 ,+/- 356,"3,580 ","+/- 1,869","11,774 ","+/- 2,709",52 ,+/- 85,"4,367 ","+/- 1,378","1,442 ","+/- 1,031"
Arkansas,"2,678 ","+/- 1,589",751 ,+/- 515,"4,212 ","+/- 1,347","416,998 ","+/- 16,572","9,141 ","+/- 2,135","1,766 ","+/- 1,145",50 ,+/- 85,88 ,+/- 148,324 ,+/- 456,"3,666 ","+/- 1,079","1,587 ",+/- 692,853 ,+/- 615,392 ,+/- 399,"2,814 ",+/- 993,866 ,+/- 655,889 ,+/- 717,"2,030 ","+/- 1,094","1,755 ",+/- 863,"8,216 ","+/- 3,197",0 ,+/- 257,341 ,+/- 388,891 ,+/- 745,"1,961 ","+/- 1,178","1,838 ","+/- 1,479","2,767 ","+/- 1,371","10,798 ","+/- 3,072",130 ,+/- 126,554 ,+/- 414,540 ,+/- 514,51 ,+/- 104,"1,643 ","+/- 1,254","1,551 ","+/- 1,331","1,546 ","+/- 1,166","1,496 ",+/- 901,138 ,+/- 186,"1,706 ",+/- 963,"8,457 ","+/- 2,294",486 ,+/- 357,635 ,+/- 515,206 ,+/- 265,0 ,+/- 257,974 ,+/- 585,0 ,+/- 257,"6,862 ","+/- 2,370","15,022 ","+/- 3,182",525 ,+/- 484,153 ,+/- 251,"1,157 ",+/- 888,"1,107 ","+/- 1,021",739 ,"+/- 1,103",471 ,+/- 531,84 ,+/- 94
California,"4,133 ","+/- 1,949","6,376 ","+/- 2,801","31,915 ","+/- 4,153","3,709 ","+/- 1,700","5,173,950 ","+/- 62,817","15,885 ","+/- 2,639","5,596 ","+/- 1,585","1,339 ","+/- 1,188","2,044 ",+/- 773,"27,196 ","+/- 3,667","13,384 ","+/- 3,136","14,421 ","+/- 3,382","6,486 ","+/- 2,253","25,149 ","+/- 4,840","6,972 ","+/- 2,263","2,380 ","+/- 1,260","5,018 ","+/- 1,695","1,709 ",+/- 927,"10,561 ","+/- 2,733","2,288 ",+/- 792,"10,140 ","+/- 2,165","13,846 ","+/- 3,006","10,693 ","+/- 2,169","5,647 ","+/- 1,610","4,660 ","+/- 2,317","5,847 ","+/- 1,471","1,874 ",+/- 637,"2,504 ",+/- 888,"28,855 ","+/- 4,212","1,323 ",+/- 693,"8,843 ","+/- 2,207","4,829 ","+/- 1,726","31,703 ","+/- 3,689","10,901 ","+/- 2,607","1,934 ","+/- 1,672","13,165 ","+/- 2,797","8,025 ","+/- 2,193","25,374 ","+/- 4,733","11,747 ","+/- 2,533","2,303 ","+/- 1,540","1,664 ",+/- 866,"3,426 ","+/- 1,276",367 ,+/- 251,"6,469 ","+/- 2,199","49,027 ","+/- 6,617","9,726 ","+/- 2,085","1,658 ","+/- 1,129","14,710 ","+/- 2,772","34,105 ","+/- 5,293",530 ,+/- 460,"10,213 ","+/- 3,168","1,739 ","+/- 1,141"
Colorado,"1,285 ",+/- 587,"1,821 ",+/- 890,"13,714 ","+/- 2,911",893 ,+/- 526,"34,803 ","+/- 5,945","722,843 ","+/- 26,741",675 ,+/- 404,345 ,+/- 472,378 ,+/- 326,"10,327 ","+/- 2,660","3,039 ","+/- 1,276","2,351 ","+/- 1,073","1,328 ",+/- 685,"6,728 ","+/- 1,472","1,433 ",+/- 700,"2,447 ",+/- 955,"4,667 ","+/- 2,095",209 ,+/- 162,"2,246 ",+/- 898,718 ,+/- 381,"2,275 ",+/- 897,"3,951 ","+/- 1,641","3,531 ","+/- 1,453","3,785 ","+/- 1,332","1,369 ","+/- 1,033","2,856 ","+/- 1,216","1,517 ",+/- 730,"5,722 ","+/- 2,246","2,815 ","+/- 1,080",405 ,+/- 323,"1,650 ",+/- 712,"5,922 ","+/- 1,679","3,920 ","+/- 1,620","4,152 ","+/- 1,477",590 ,+/- 405,"4,921 ","+/- 1,727","3,708 ","+/- 1,351","4,133 ","+/- 1,622","3,490 ","+/- 1,253",0 ,+/- 271,508 ,+/- 584,531 ,+/- 448,"1,139 ",+/- 648,"1,057 ",+/- 546,"16,928 ","+/- 3,057","4,678 ","+/- 1,510",494 ,+/- 478,"4,371 ","+/- 1,264","5,839 ","+/- 1,909",155 ,+/- 179,"2,303 ",+/- 916,"6,646 ","+/- 2,289"
Connecticut,496 ,+/- 468,0 ,+/- 269,262 ,+/- 211,0 ,+/- 269,"2,727 ",+/- 906,660 ,+/- 332,"366,706 ","+/- 14,164",160 ,+/- 263,284 ,+/- 213,"6,999 ","+/- 1,940","1,299 ",+/- 815,320 ,+/- 449,0 ,+/- 269,"1,607 ","+/- 1,323",236 ,+/- 245,113 ,+/- 140,301 ,+/- 333,199 ,+/- 191,269 ,+/- 217,"1,030 ",+/- 557,"1,363 ",+/- 976,"11,956 ","+/- 2,204",932 ,+/- 634,353 ,+/- 297,0 ,+/- 269,485 ,+/- 515,49 ,+/- 82,487 ,+/- 404,55 ,+/- 91,945 ,+/- 564,"5,064 ","+/- 1,738",147 ,+/- 158,"24,838 ","+/- 4,496","2,542 ","+/- 1,170",0 ,+/- 269,"1,941 ","+/- 1,090",101 ,+/- 116,440 ,+/- 521,"2,425 ",+/- 839,"2,448 ","+/- 1,185","3,963 ","+/- 1,676","1,688 ","+/- 1,405",41 ,+/- 67,362 ,+/- 342,"3,882 ","+/- 1,867",654 ,+/- 813,"1,108 ",+/- 520,"2,458 ","+/- 1,204",593 ,+/- 564,76 ,+/- 123,160 ,+/- 185,0 ,+/- 269
Delaware,0 ,+/- 261,0 ,+/- 261,55 ,+/- 93,204 ,+/- 329,325 ,+/- 256,160 ,+/- 131,589 ,+/- 703,"86,261 ","+/- 7,952",23 ,+/- 32,"1,613 ",+/- 677,979 ,+/- 730,0 ,+/- 261,0 ,+/- 261,571 ,+/- 426,391 ,+/- 289,136 ,+/- 182,0 ,+/- 261,99 ,+/- 163,136 ,+/- 224,283 ,+/- 286,"7,065 ","+/- 1,637",301 ,+/- 273,211 ,+/- 337,0 ,+/- 261,375 ,+/- 548,239 ,+/- 273,0 ,+/- 261,28 ,+/- 46,53 ,+/- 88,87 ,+/- 146,"5,245 ","+/- 1,974",0 ,+/- 261,"1,523 ",+/- 683,614 ,+/- 585,0 ,+/- 261,291 ,+/- 367,0 ,+/- 261,54 ,+/- 93,"7,588 ","+/- 2,275",0 ,+/- 261,413 ,+/- 523,135 ,+/- 167,0 ,+/- 261,176 ,+/- 210,292 ,+/- 242,70 ,+/- 82,0 ,+/- 261,893 ,+/- 541,207 ,+/- 238,203 ,+/- 245,0 ,+/- 261,0 ,+/- 261
District of Columbia ,0 ,+/- 292,288 ,+/- 356,225 ,+/- 215,174 ,+/- 280,"2,672 ","+/- 1,258",135 ,+/- 166,"1,033 ",+/- 572,"2,474 ",+/- 475,"58,569 ","+/- 5,619",892 ,+/- 524,921 ,+/- 710,123 ,+/- 202,130 ,+/- 106,"1,796 ",+/- 694,627 ,+/- 758,117 ,+/- 193,359 ,+/- 359,536 ,+/- 563,274 ,+/- 316,113 ,+/- 188,"10,842 ","+/- 2,460",755 ,+/- 515,719 ,+/- 752,68 ,+/- 79,440 ,+/- 361,276 ,+/- 219,27 ,+/- 46,0 ,+/- 292,49 ,+/- 82,265 ,+/- 201,784 ,+/- 370,181 ,+/- 217,"4,831 ","+/- 1,471","1,730 ",+/- 916,0 ,+/- 292,"1,169 ",+/- 694,154 ,+/- 186,154 ,+/- 194,"2,918 ","+/- 1,152",100 ,+/- 124,189 ,+/- 205,502 ,+/- 403,0 ,+/- 292,50 ,+/- 84,"2,015 ","+/- 1,154",201 ,+/- 201,0 ,+/- 292,"6,737 ","+/- 1,636",464 ,+/- 323,205 ,+/- 253,266 ,+/- 256,0 ,+/- 292
Florida,"13,015 ","+/- 2,462","4,995 ","+/- 1,648","6,030 ","+/- 2,457","3,232 ","+/- 2,024","27,658 ","+/- 4,016","9,275 ","+/- 3,082","13,989 ","+/- 3,175","1,685 ","+/- 1,013","1,340 ",+/- 707,"2,485,338 ","+/- 43,189","34,679 ","+/- 5,014","4,274 ","+/- 2,047","1,358 ",+/- 774,"26,188 ","+/- 4,263","13,454 ","+/- 4,171","2,818 ","+/- 1,646","2,274 ","+/- 1,262","8,999 ","+/- 3,150","15,995 ","+/- 3,499","5,652 ","+/- 2,478","14,340 ","+/- 2,711","27,188 ","+/- 5,176","30,983 ","+/- 4,937","3,950 ","+/- 1,514","13,291 ","+/- 3,245","8,085 ","+/- 2,393",713 ,+/- 624,"1,390 ",+/- 808,"4,163 ","+/- 2,026","3,284 ","+/- 1,427","36,055 ","+/- 5,076","2,131 ","+/- 1,239","87,576 ","+/- 7,883","23,862 ","+/- 4,207",402 ,+/- 422,"21,113 ","+/- 3,663","1,783 ",+/- 857,"2,323 ","+/- 1,127","21,007 ","+/- 2,960","20,687 ","+/- 4,268","2,071 ",+/- 830,"9,728 ","+/- 2,343",422 ,+/- 404,"12,387 ","+/- 2,898","30,708 ","+/- 4,393","2,250 ","+/- 1,276","2,404 ","+/- 1,232","19,783 ","+/- 3,250","5,452 ","+/- 1,717","3,592 ","+/- 1,478","9,286 ","+/- 2,607",389 ,+/- 310
Georgia,"14,873 ","+/- 2,233","2,232 ","+/- 1,068","5,024 ","+/- 1,491","2,851 ","+/- 1,332","24,662 ","+/- 5,274","3,450 ","+/- 1,171","5,580 ","+/- 2,796","2,081 ","+/- 1,573","1,860 ",+/- 830,"75,182 ","+/- 8,524","1,359,227 ","+/- 30,903","1,120 ",+/- 912,457 ,+/- 385,"13,676 ","+/- 3,694","6,948 ","+/- 2,417","2,568 ","+/- 1,378","1,862 ","+/- 1,297","4,506 ","+/- 1,595","19,472 ","+/- 4,287","1,269 ",+/- 689,"6,731 ","+/- 1,937","5,068 ","+/- 1,565","5,167 ","+/- 1,431","2,945 ","+/- 1,984","5,336 ","+/- 2,036","5,232 ","+/- 2,140","1,159 ","+/- 1,337","1,547 ",+/- 892,"2,120 ","+/- 1,127",845 ,+/- 538,"9,684 ","+/- 3,099",337 ,+/- 326,"26,759 ","+/- 4,466","17,226 ","+/- 3,217",295 ,+/- 356,"8,254 ","+/- 2,715","3,337 ","+/- 1,872","1,198 ",+/- 653,"8,690 ","+/- 2,379","1,480 ",+/- 957,778 ,+/- 512,"16,774 ","+/- 3,357",634 ,+/- 742,"14,737 ","+/- 3,050","16,121 ","+/- 3,176",711 ,+/- 453,542 ,+/- 572,"12,772 ","+/- 2,636","3,886 ","+/- 1,559","3,206 ","+/- 2,275","4,028 ","+/- 2,397",380 ,+/- 425
Hawaii,332 ,+/- 350,"2,906 ","+/- 1,704","1,718 ",+/- 830,0 ,+/- 267,"14,459 ","+/- 2,477","2,254 ","+/- 1,190",627 ,+/- 386,0 ,+/- 267,262 ,+/- 281,"2,456 ",+/- 954,"2,250 ","+/- 1,671","122,884 ","+/- 8,725",0 ,+/- 267,"1,996 ","+/- 1,224",351 ,+/- 363,148 ,+/- 120,496 ,+/- 502,705 ,+/- 605,238 ,+/- 179,443 ,+/- 483,459 ,+/- 375,506 ,+/- 529,193 ,+/- 152,529 ,+/- 484,251 ,+/- 159,284 ,+/- 164,461 ,+/- 745,46 ,+/- 77,"1,383 ",+/- 690,500 ,+/- 544,745 ,+/- 496,989 ,+/- 624,"2,654 ","+/- 1,227","1,785 ",+/- 972,0 ,+/- 267,674 ,+/- 377,744 ,+/- 676,"1,487 ",+/- 818,"1,956 ","+/- 1,244",0 ,+/- 267,425 ,+/- 515,560 ,+/- 477,201 ,+/- 233,666 ,+/- 444,"4,405 ","+/- 1,372",288 ,+/- 321,0 ,+/- 267,"3,423 ","+/- 1,434","3,212 ","+/- 1,603",0 ,+/- 267,257 ,+/- 321,101 ,+/- 169
Idaho,170 ,+/- 202,995 ,+/- 704,"3,178 ","+/- 1,408",225 ,+/- 267,"13,537 ","+/- 3,236","3,428 ","+/- 1,342",58 ,+/- 114,0 ,+/- 253,226 ,+/- 222,"1,428 ",+/- 654,111 ,+/- 134,786 ,+/- 554,"227,023 ","+/- 11,559",607 ,+/- 402,86 ,+/- 118,"2,416 ","+/- 2,066",582 ,+/- 682,382 ,+/- 505,93 ,+/- 160,83 ,+/- 135,177 ,+/- 231,0 ,+/- 253,488 ,+/- 520,875 ,+/- 703,483 ,+/- 477,807 ,+/- 507,"3,386 ","+/- 1,480",162 ,+/- 183,"3,058 ","+/- 1,083",471 ,+/- 458,0 ,+/- 253,203 ,+/- 229,273 ,+/- 371,273 ,+/- 326,247 ,+/- 245,"1,356 ",+/- 915,337 ,+/- 322,"7,136 ","+/- 1,962",585 ,+/- 461,0 ,+/- 253,6 ,+/- 11,39 ,+/- 59,837 ,+/- 767,491 ,+/- 378,"5,042 ","+/- 2,175","5,921 ","+/- 2,007",0 ,+/- 253,952 ,+/- 687,"12,195 ","+/- 2,712",70 ,+/- 131,319 ,+/- 232,"1,047 ",+/- 674
Illinois,"1,286 ",+/- 571,"1,742 ","+/- 1,211","5,924 ","+/- 1,472","2,309 ","+/- 1,434","15,322 ","+/- 3,435","5,901 ","+/- 1,546","2,771 ","+/- 1,234",460 ,+/- 517,"1,596 ","+/- 1,468","17,271 ","+/- 3,280","3,854 ","+/- 1,249","1,609 ",+/- 688,"2,069 ","+/- 1,588","1,662,179 ","+/- 36,079","20,749 ","+/- 3,308","7,544 ","+/- 1,746","3,225 ","+/- 1,155","4,288 ","+/- 1,356","2,956 ","+/- 1,038",308 ,+/- 330,"2,936 ","+/- 1,131","2,317 ",+/- 795,"14,740 ","+/- 2,824","5,186 ","+/- 1,660","2,390 ",+/- 878,"17,787 ","+/- 3,074",265 ,+/- 274,"1,624 ",+/- 673,"2,075 ",+/- 816,297 ,+/- 381,"3,058 ","+/- 1,134",865 ,+/- 565,"7,523 ","+/- 1,814","4,031 ","+/- 1,632",324 ,+/- 261,"7,612 ","+/- 2,544","1,104 ",+/- 633,"1,709 ","+/- 1,392","4,369 ","+/- 1,766","3,157 ","+/- 2,732",423 ,+/- 536,"2,620 ","+/- 1,128",372 ,+/- 403,"5,164 ","+/- 1,546","14,431 ","+/- 3,775",723 ,+/- 501,546 ,+/- 495,"6,401 ","+/- 2,306","5,358 ","+/- 1,794",637 ,+/- 359,"16,802 ","+/- 2,790",37 ,+/- 64
Indiana,"1,551 ","+/- 1,289",130 ,+/- 174,"2,434 ","+/- 1,080","1,201 ",+/- 780,"7,374 ","+/- 2,247","1,277 ",+/- 406,967 ,+/- 561,180 ,+/- 171,0 ,+/- 263,"10,469 ","+/- 2,456","4,010 ","+/- 1,665",559 ,+/- 488,363 ,+/- 436,"34,027 ","+/- 4,860","884,452 ","+/- 21,803","1,679 ",+/- 715,881 ,+/- 635,"11,572 ","+/- 2,752","2,506 ","+/- 1,194",0 ,+/- 263,"1,417 ",+/- 709,955 ,+/- 549,"14,603 ","+/- 2,470",997 ,+/- 575,"1,365 ","+/- 1,035","3,904 ","+/- 1,894",417 ,+/- 671,985 ,+/- 636,716 ,+/- 559,145 ,+/- 258,921 ,+/- 414,420 ,+/- 486,"3,166 ","+/- 1,167","4,265 ","+/- 1,590",139 ,+/- 139,"12,861 ","+/- 2,189",749 ,+/- 621,671 ,+/- 354,"2,764 ",+/- 997,56 ,+/- 95,0 ,+/- 263,"1,420 ",+/- 789,255 ,+/- 281,"3,725 ","+/- 1,395","10,493 ","+/- 2,578","2,951 ","+/- 2,077",62 ,+/- 101,"2,400 ",+/- 963,"2,066 ","+/- 1,246",699 ,+/- 443,"4,237 ","+/- 2,133",62 ,+/- 102
Iowa,740 ,+/- 462,109 ,+/- 162,"1,702 ",+/- 746,675 ,+/- 573,"6,764 ","+/- 2,173","1,893 ","+/- 1,016",248 ,+/- 248,153 ,+/- 183,65 ,+/- 108,"2,483 ",+/- 990,503 ,+/- 571,65 ,+/- 107,328 ,+/- 351,"12,255 ","+/- 2,504","2,862 ",+/- 900,"412,459 ","+/- 13,865","3,075 ","+/- 1,265",151 ,+/- 239,"1,299 ","+/- 1,146",179 ,+/- 169,675 ,+/- 522,129 ,+/- 121,"2,595 ","+/- 1,455","7,368 ","+/- 1,381",832 ,+/- 917,"6,410 ","+/- 1,835",95 ,+/- 109,"8,648 ","+/- 1,920","1,013 ","+/- 1,030",47 ,+/- 83,106 ,+/- 98,563 ,+/- 602,686 ,+/- 389,838 ,+/- 620,390 ,+/- 430,"1,869 ",+/- 920,"1,040 ",+/- 500,"1,557 ",+/- 911,560 ,+/- 403,59 ,+/- 97,0 ,+/- 221,327 ,+/- 259,"2,330 ",+/- 769,806 ,+/- 499,"4,997 ","+/- 2,060",841 ,+/- 578,0 ,+/- 221,"1,289 ",+/- 741,676 ,+/- 415,133 ,+/- 116,"3,953 ","+/- 1,113",502 ,+/- 400
Kansas,938 ,+/- 788,412 ,+/- 381,"1,695 ",+/- 842,"2,495 ","+/- 1,456","8,150 ","+/- 2,460","6,752 ","+/- 2,014",190 ,+/- 211,779 ,"+/- 1,262",96 ,+/- 164,"2,290 ",+/- 862,"3,130 ","+/- 1,506",237 ,+/- 232,43 ,+/- 57,"2,374 ","+/- 1,011",994 ,+/- 555,"2,515 ","+/- 1,388","401,500 ","+/- 15,698","1,289 ",+/- 674,"1,425 ",+/- 851,190 ,+/- 298,462 ,+/- 399,402 ,+/- 410,741 ,+/- 337,"1,136 ",+/- 547,676 ,+/- 458,"27,468 ","+/- 4,019",570 ,+/- 467,"3,533 ","+/- 1,587",869 ,+/- 719,59 ,+/- 97,"1,174 ",+/- 741,"1,940 ","+/- 1,281","3,103 ","+/- 1,444","1,933 ","+/- 1,310",39 ,+/- 63,"2,141 ","+/- 1,517","6,631 ","+/- 1,971",508 ,+/- 413,621 ,+/- 409,112 ,+/- 184,0 ,+/- 237,"1,296 ",+/- 856,837 ,+/- 676,"2,291 ","+/- 1,307","8,762 ","+/- 2,407","1,272 ","+/- 1,230",22 ,+/- 46,"1,594 ",+/- 928,805 ,+/- 589,181 ,+/- 180,493 ,+/- 305,374 ,+/- 377
Kentucky,"3,863 ","+/- 1,559",187 ,+/- 244,"1,049 ",+/- 576,"1,076 ",+/- 949,"5,461 ","+/- 1,958","1,917 ",+/- 871,265 ,+/- 272,38 ,+/- 70,174 ,+/- 159,"10,918 ","+/- 2,773","5,249 ","+/- 1,728",859 ,+/- 611,265 ,+/- 304,"5,748 ","+/- 1,759","12,264 ","+/- 2,476","1,386 ","+/- 1,161",578 ,+/- 353,"575,640 ","+/- 18,018",982 ,+/- 565,512 ,+/- 368,"3,187 ","+/- 2,306",772 ,+/- 566,"4,360 ","+/- 1,781",610 ,+/- 387,653 ,+/- 535,"3,628 ","+/- 1,856",93 ,+/- 101,321 ,+/- 379,940 ,+/- 719,57 ,+/- 107,463 ,+/- 332,130 ,+/- 215,"2,574 ","+/- 1,082","3,836 ","+/- 1,341",0 ,+/- 267,"15,158 ","+/- 3,200","1,163 ",+/- 621,120 ,+/- 126,"1,479 ",+/- 579,145 ,+/- 252,100 ,+/- 122,915 ,+/- 525,97 ,+/- 125,"13,581 ","+/- 3,049","6,361 ","+/- 1,994",464 ,+/- 617,128 ,+/- 104,"4,204 ","+/- 1,932",868 ,+/- 557,"2,415 ","+/- 1,246",708 ,+/- 793,78 ,+/- 134
Louisiana,"2,581 ",+/- 952,152 ,+/- 185,235 ,+/- 160,"2,486 ","+/- 1,470","5,286 ","+/- 1,772","1,108 ",+/- 586,"1,047 ",+/- 665,466 ,+/- 466,531 ,+/- 369,"4,853 ","+/- 1,520","4,444 ","+/- 1,658",930 ,+/- 886,313 ,+/- 416,"1,473 ",+/- 918,889 ,+/- 703,"1,400 ","+/- 1,223",174 ,+/- 138,"1,219 ",+/- 668,"702,219 ","+/- 21,329",64 ,+/- 116,"2,264 ","+/- 1,038",237 ,+/- 254,"2,081 ","+/- 1,293",477 ,+/- 390,"11,108 ","+/- 2,607","2,287 ",+/- 998,268 ,+/- 312,281 ,+/- 464,735 ,+/- 513,62 ,+/- 104,203 ,+/- 206,563 ,+/- 650,"1,921 ","+/- 1,144","1,586 ",+/- 765,0 ,+/- 267,"1,513 ",+/- 707,"1,455 ",+/- 794,612 ,+/- 401,"1,096 ",+/- 575,385 ,+/- 410,78 ,+/- 129,"1,819 ","+/- 1,341",46 ,+/- 75,"1,416 ",+/- 654,"30,477 ","+/- 5,340",452 ,+/- 411,0 ,+/- 267,"1,538 ",+/- 678,546 ,+/- 456,72 ,+/- 95,510 ,+/- 411,587 ,+/- 808
Maine,80 ,+/- 131,220 ,+/- 195,164 ,+/- 169,38 ,+/- 65,"1,123 ",+/- 665,403 ,+/- 366,"3,181 ","+/- 1,169",0 ,+/- 223,0 ,+/- 223,"4,621 ","+/- 1,493",0 ,+/- 223,115 ,+/- 135,0 ,+/- 223,50 ,+/- 83,351 ,+/- 326,0 ,+/- 223,56 ,+/- 91,51 ,+/- 84,314 ,+/- 273,"150,926 ","+/- 9,370",391 ,+/- 328,"7,107 ","+/- 1,939",996 ,+/- 696,168 ,+/- 218,152 ,+/- 251,0 ,+/- 223,0 ,+/- 223,0 ,+/- 223,0 ,+/- 223,"4,271 ","+/- 1,775","1,069 ",+/- 490,126 ,+/- 167,"2,829 ",+/- 945,667 ,+/- 382,30 ,+/- 53,"1,720 ","+/- 1,387",14 ,+/- 23,170 ,+/- 184,"1,188 ",+/- 649,87 ,+/- 108,612 ,+/- 439,239 ,+/- 273,41 ,+/- 69,481 ,+/- 525,"1,647 ","+/- 1,281",35 ,+/- 60,522 ,+/- 352,"1,962 ",+/- 919,75 ,+/- 100,95 ,+/- 122,172 ,+/- 159,124 ,+/- 214
Maryland,"1,486 ","+/- 1,033",183 ,+/- 276,"1,504 ",+/- 675,116 ,+/- 143,"10,194 ","+/- 2,528","1,913 ","+/- 1,079","3,683 ",+/- 848,"4,622 ","+/- 1,322","22,286 ","+/- 3,665","7,965 ","+/- 1,876","3,797 ","+/- 1,357","1,627 ","+/- 1,161",222 ,+/- 213,"2,655 ","+/- 1,027","1,206 ","+/- 1,062",283 ,+/- 469,189 ,+/- 213,"1,167 ",+/- 771,"3,975 ","+/- 1,901",477 ,+/- 481,"621,491 ","+/- 22,568","3,214 ","+/- 1,133","3,159 ","+/- 1,254",574 ,+/- 614,"1,417 ",+/- 487,"1,707 ","+/- 1,977",179 ,+/- 172,114 ,+/- 135,"1,605 ",+/- 902,"1,395 ","+/- 1,338","8,935 ","+/- 1,979",366 ,+/- 280,"15,819 ","+/- 3,764","7,270 ","+/- 1,919",48 ,+/- 79,"4,245 ","+/- 1,327",305 ,+/- 335,829 ,"+/- 1,254","14,470 ","+/- 2,120",189 ,+/- 228,"1,092 ","+/- 1,139","4,113 ","+/- 2,568",0 ,+/- 277,808 ,+/- 617,"10,054 ","+/- 3,557","1,554 ","+/- 1,114",643 ,+/- 484,"22,977 ","+/- 3,390",937 ,+/- 529,"2,719 ",+/- 984,621 ,+/- 376,0 ,+/- 277
Massachusetts,364 ,+/- 303,"1,531 ","+/- 1,128","1,404 ",+/- 763,443 ,+/- 430,"11,605 ","+/- 2,768","2,711 ","+/- 1,575","13,185 ","+/- 2,404",104 ,+/- 125,"1,030 ",+/- 469,"9,685 ","+/- 2,495","2,160 ","+/- 1,113",316 ,+/- 218,186 ,+/- 179,"4,220 ","+/- 1,764","1,680 ","+/- 1,494",501 ,+/- 410,125 ,+/- 128,420 ,+/- 462,"1,564 ",+/- 661,"4,438 ","+/- 1,479","2,574 ",+/- 892,"719,437 ","+/- 23,086","2,065 ",+/- 905,"1,544 ","+/- 1,338",52 ,+/- 85,"1,306 ",+/- 749,164 ,+/- 262,337 ,+/- 418,812 ,+/- 843,"9,209 ","+/- 1,831","7,841 ","+/- 1,838",576 ,+/- 443,"19,563 ","+/- 3,089","2,883 ","+/- 1,461",131 ,+/- 214,"2,395 ",+/- 891,665 ,+/- 467,737 ,+/- 536,"5,515 ","+/- 1,610","4,214 ","+/- 2,073","8,885 ","+/- 2,608","1,371 ",+/- 847,54 ,+/- 89,"1,636 ",+/- 962,"3,393 ","+/- 1,237",253 ,+/- 279,"2,091 ",+/- 718,"3,533 ","+/- 1,624","1,990 ",+/- 806,345 ,+/- 560,"1,545 ",+/- 884,105 ,+/- 174
Michigan,"2,181 ",+/- 988,"1,363 ",+/- 785,"2,602 ","+/- 1,008","1,313 ",+/- 826,"9,623 ","+/- 2,134","2,812 ","+/- 1,550",733 ,+/- 335,96 ,+/- 115,152 ,+/- 180,"13,738 ","+/- 2,940","3,718 ","+/- 1,178",499 ,+/- 455,508 ,+/- 419,"12,623 ","+/- 2,475","7,867 ","+/- 1,619","1,537 ",+/- 809,"2,133 ","+/- 1,263","2,992 ","+/- 1,273","1,784 ",+/- 906,510 ,+/- 576,606 ,+/- 342,"2,243 ","+/- 1,242","1,272,755 ","+/- 26,575","2,068 ",+/- 876,"1,719 ","+/- 1,438","2,101 ",+/- 934,286 ,+/- 229,"1,108 ",+/- 691,"2,834 ","+/- 1,341",227 ,+/- 263,"2,006 ","+/- 1,189",388 ,+/- 326,"4,739 ","+/- 1,497","3,518 ","+/- 1,234",261 ,+/- 249,"12,493 ","+/- 2,220","1,092 ",+/- 992,"1,009 ",+/- 570,"3,792 ","+/- 1,187",0 ,+/- 235,223 ,+/- 345,"2,090 ","+/- 1,267",122 ,+/- 145,"4,260 ","+/- 1,681","9,667 ","+/- 2,655",724 ,+/- 383,624 ,+/- 820,"3,526 ","+/- 1,447","1,983 ","+/- 1,000",128 ,+/- 138,"3,723 ","+/- 1,081",424 ,+/- 410
Minnesota,249 ,+/- 291,"1,241 ",+/- 724,"3,315 ","+/- 1,231",166 ,+/- 147,"9,997 ","+/- 2,568","2,698 ",+/- 931,"1,119 ",+/- 791,37 ,+/- 53,87 ,+/- 123,"3,979 ","+/- 1,187","1,428 ",+/- 776,515 ,+/- 439,220 ,+/- 153,"9,964 ","+/- 2,268","2,606 ","+/- 1,211","5,317 ","+/- 1,108","1,226 ",+/- 682,318 ,+/- 230,"2,087 ","+/- 1,532",61 ,+/- 86,774 ,+/- 665,"1,419 ",+/- 805,"2,043 ",+/- 762,"611,078 ","+/- 16,439",224 ,+/- 184,"3,327 ","+/- 2,161","1,208 ",+/- 674,"1,414 ",+/- 634,"2,132 ","+/- 1,281",66 ,+/- 103,569 ,+/- 391,668 ,+/- 304,"2,496 ",+/- 804,"1,245 ",+/- 804,"7,567 ","+/- 1,955","2,455 ",+/- 981,525 ,+/- 392,538 ,+/- 283,"1,451 ",+/- 938,939 ,+/- 988,463 ,+/- 467,667 ,+/- 517,"3,245 ","+/- 1,074","1,011 ",+/- 693,"6,863 ","+/- 2,442",923 ,+/- 705,271 ,+/- 438,"1,468 ",+/- 908,"2,352 ","+/- 1,035",80 ,+/- 102,"16,941 ","+/- 2,947",302 ,+/- 251
Mississippi,"5,924 ","+/- 1,785",77 ,+/- 143,659 ,+/- 809,"2,508 ","+/- 1,029","2,747 ","+/- 1,102",616 ,+/- 550,149 ,+/- 168,13 ,+/- 21,149 ,+/- 201,"4,217 ","+/- 1,468","3,082 ","+/- 1,495",178 ,+/- 287,0 ,+/- 283,"3,095 ","+/- 1,260","1,829 ","+/- 1,040",308 ,+/- 351,351 ,+/- 255,127 ,+/- 130,"19,184 ","+/- 4,553",68 ,+/- 117,767 ,+/- 502,13 ,+/- 23,"2,142 ","+/- 1,114",105 ,+/- 185,"409,898 ","+/- 16,206","2,162 ","+/- 1,395",0 ,+/- 283,0 ,+/- 283,569 ,+/- 552,0 ,+/- 283,668 ,+/- 987,188 ,+/- 294,"2,131 ","+/- 1,145","2,678 ","+/- 1,949",0 ,+/- 283,744 ,+/- 454,"1,307 ","+/- 1,250",382 ,+/- 437,748 ,+/- 325,251 ,+/- 248,200 ,+/- 236,"1,486 ",+/- 854,60 ,+/- 100,"10,789 ","+/- 3,188","5,059 ","+/- 1,840",282 ,+/- 459,0 ,+/- 283,"1,844 ",+/- 762,816 ,+/- 880,167 ,+/- 201,"1,620 ","+/- 1,545",0 ,+/- 283
Missouri,"2,106 ","+/- 1,358","1,389 ","+/- 1,183","3,053 ","+/- 1,555","8,100 ","+/- 2,136","12,491 ","+/- 2,278","3,930 ","+/- 1,671",276 ,+/- 385,0 ,+/- 253,486 ,+/- 268,"8,422 ","+/- 1,909","3,928 ","+/- 1,437","1,096 ",+/- 709,557 ,+/- 343,"19,044 ","+/- 3,019","1,699 ",+/- 743,"6,819 ","+/- 1,712","18,617 ","+/- 3,066","1,483 ",+/- 676,"4,589 ","+/- 1,643",75 ,+/- 90,"1,016 ",+/- 580,"1,043 ",+/- 546,"3,649 ","+/- 1,595","2,607 ",+/- 979,"3,208 ","+/- 1,683","846,807 ","+/- 22,271",361 ,+/- 352,"3,204 ","+/- 1,012","1,769 ",+/- 791,295 ,+/- 308,"1,639 ","+/- 1,189","1,335 ","+/- 1,101","3,366 ","+/- 1,358","2,916 ","+/- 1,335",230 ,+/- 270,"3,830 ","+/- 1,368","5,980 ","+/- 1,901","1,292 ",+/- 963,"1,481 ",+/- 676,394 ,+/- 392,0 ,+/- 253,"1,928 ","+/- 1,186",381 ,+/- 257,"4,381 ","+/- 1,618","10,717 ","+/- 2,107","1,749 ","+/- 1,226",54 ,+/- 93,"1,518 ",+/- 863,"1,706 ","+/- 1,048",109 ,+/- 130,"2,473 ","+/- 1,091",237 ,+/- 224
Montana,588 ,+/- 684,281 ,+/- 258,"1,867 ","+/- 1,111",0 ,+/- 228,"3,460 ","+/- 1,175","1,445 ",+/- 503,309 ,+/- 350,400 ,+/- 497,87 ,+/- 148,"1,846 ",+/- 956,292 ,+/- 236,858 ,+/- 768,"1,139 ",+/- 530,734 ,+/- 314,270 ,+/- 279,315 ,+/- 312,0 ,+/- 228,119 ,+/- 170,203 ,+/- 240,0 ,+/- 228,179 ,+/- 215,198 ,+/- 207,354 ,+/- 340,"1,138 ",+/- 717,0 ,+/- 228,505 ,+/- 520,"126,227 ","+/- 6,707",296 ,+/- 314,563 ,+/- 564,0 ,+/- 228,500 ,+/- 580,596 ,+/- 536,823 ,+/- 776,249 ,+/- 265,"1,374 ",+/- 678,886 ,+/- 805,20 ,+/- 35,"1,227 ",+/- 553,495 ,+/- 413,0 ,+/- 228,0 ,+/- 228,34 ,+/- 59,"1,557 ","+/- 1,058",18 ,+/- 32,902 ,+/- 927,652 ,+/- 509,168 ,+/- 202,583 ,+/- 433,"5,901 ","+/- 2,254",70 ,+/- 116,815 ,+/- 586,"2,366 ",+/- 977
Nebraska,124 ,+/- 137,514 ,+/- 599,"1,238 ",+/- 660,365 ,+/- 293,"5,170 ","+/- 1,677","5,254 ","+/- 1,544",0 ,+/- 213,51 ,+/- 86,178 ,+/- 254,"2,184 ",+/- 979,902 ,+/- 632,224 ,+/- 147,"1,013 ",+/- 762,"1,234 ",+/- 560,732 ,+/- 400,"6,444 ","+/- 1,500","4,212 ","+/- 1,640",477 ,+/- 485,547 ,+/- 400,22 ,+/- 34,349 ,+/- 303,8 ,+/- 14,601 ,+/- 426,"3,141 ","+/- 1,395",574 ,+/- 522,"1,655 ",+/- 841,389 ,+/- 325,"259,681 ","+/- 11,185",265 ,+/- 253,0 ,+/- 213,44 ,+/- 73,322 ,+/- 339,767 ,+/- 536,412 ,+/- 368,746 ,+/- 534,582 ,+/- 548,844 ,+/- 646,911 ,+/- 617,101 ,+/- 86,172 ,+/- 240,95 ,+/- 141,100 ,+/- 115,"3,795 ","+/- 1,455","1,160 ",+/- 773,"2,468 ",+/- 933,645 ,+/- 497,0 ,+/- 213,897 ,+/- 505,439 ,+/- 388,377 ,+/- 614,621 ,+/- 540,"1,160 ",+/- 715
Nevada,260 ,+/- 195,"1,669 ","+/- 1,326","6,618 ","+/- 1,829",668 ,+/- 612,"59,811 ","+/- 6,768","7,096 ","+/- 2,406",946 ,+/- 870,183 ,+/- 236,160 ,+/- 200,"4,759 ","+/- 1,577","1,749 ",+/- 946,"3,865 ","+/- 1,860","2,590 ","+/- 1,406","3,669 ","+/- 1,490","2,085 ",+/- 976,"1,195 ",+/- 715,758 ,+/- 637,523 ,+/- 706,"1,628 ",+/- 923,70 ,+/- 116,"1,297 ",+/- 936,"1,120 ",+/- 986,"4,130 ","+/- 1,925",713 ,+/- 544,788 ,+/- 932,"1,651 ","+/- 1,188",327 ,+/- 291,473 ,+/- 360,"390,069 ","+/- 16,513",82 ,+/- 134,"2,384 ","+/- 1,451","2,867 ","+/- 1,608","3,564 ","+/- 1,283","1,410 ",+/- 932,179 ,+/- 164,"3,267 ","+/- 1,801",457 ,+/- 357,"1,496 ",+/- 626,"1,158 ",+/- 649,0 ,+/- 292,118 ,+/- 139,963 ,+/- 830,71 ,+/- 117,269 ,+/- 233,"4,990 ","+/- 1,563","7,182 ","+/- 3,296",263 ,+/- 338,"1,694 ",+/- 860,"5,361 ","+/- 1,867",0 ,+/- 292,"1,418 ",+/- 763,822 ,+/- 846
New Hampshire,76 ,+/- 97,488 ,+/- 603,779 ,+/- 566,164 ,+/- 262,"1,907 ",+/- 983,254 ,+/- 185,"2,576 ","+/- 1,694",0 ,+/- 251,95 ,+/- 156,"4,294 ","+/- 1,776",272 ,+/- 231,60 ,+/- 98,0 ,+/- 251,313 ,+/- 310,146 ,+/- 153,0 ,+/- 251,71 ,+/- 117,0 ,+/- 251,689 ,+/- 748,"2,137 ",+/- 711,193 ,+/- 135,"15,609 ","+/- 3,011",132 ,+/- 152,194 ,+/- 161,427 ,+/- 604,580 ,+/- 223,222 ,+/- 217,0 ,+/- 251,63 ,+/- 74,"133,427 ","+/- 9,440",558 ,+/- 356,40 ,+/- 68,"3,016 ","+/- 1,067",505 ,+/- 367,0 ,+/- 251,152 ,+/- 182,0 ,+/- 251,0 ,+/- 251,874 ,+/- 446,728 ,+/- 892,867 ,+/- 566,158 ,+/- 184,563 ,+/- 710,120 ,+/- 139,871 ,+/- 587,29 ,+/- 66,"1,783 ",+/- 794,616 ,+/- 475,"1,276 ","+/- 1,231",0 ,+/- 251,0 ,+/- 251,335 ,+/- 381
New Jersey,658 ,+/- 771,379 ,+/- 536,"2,138 ",+/- 990,208 ,+/- 177,"7,910 ","+/- 2,269",893 ,+/- 566,"2,871 ","+/- 1,150","2,330 ",+/- 896,"1,141 ","+/- 1,018","9,728 ","+/- 2,337","3,596 ","+/- 1,511",480 ,+/- 437,643 ,+/- 834,"2,640 ","+/- 1,277",790 ,+/- 496,876 ,"+/- 1,283",279 ,+/- 234,488 ,+/- 450,"1,044 ",+/- 747,331 ,+/- 300,"4,029 ","+/- 1,530","7,050 ","+/- 2,049",633 ,+/- 401,728 ,+/- 471,348 ,+/- 396,575 ,+/- 403,0 ,+/- 273,411 ,+/- 292,881 ,+/- 628,788 ,+/- 585,"798,283 ","+/- 25,048",413 ,+/- 355,"54,781 ","+/- 5,341","2,462 ",+/- 902,99 ,+/- 163,864 ,+/- 469,767 ,"+/- 1,058",110 ,+/- 152,"23,970 ","+/- 3,568","4,766 ","+/- 1,679","1,135 ","+/- 1,291","1,535 ","+/- 1,102",87 ,+/- 143,982 ,+/- 578,"4,490 ","+/- 1,934",159 ,+/- 146,504 ,+/- 294,"4,065 ","+/- 1,406",763 ,+/- 852,183 ,+/- 191,678 ,+/- 622,175 ,+/- 254
New Mexico,"1,207 ",+/- 951,"1,066 ",+/- 778,"8,173 ","+/- 2,517",393 ,+/- 317,"8,210 ","+/- 2,365","4,782 ","+/- 1,646",166 ,+/- 241,113 ,+/- 189,369 ,+/- 342,"3,731 ","+/- 2,052","1,357 ",+/- 828,868 ,+/- 952,278 ,+/- 285,"2,303 ","+/- 1,227",359 ,+/- 250,34 ,+/- 56,"1,070 ",+/- 607,763 ,+/- 513,870 ,+/- 741,180 ,+/- 242,423 ,+/- 371,883 ,+/- 503,729 ,+/- 442,999 ,+/- 863,441 ,+/- 376,237 ,+/- 217,81 ,+/- 136,"1,079 ",+/- 955,"2,229 ","+/- 1,655",149 ,+/- 185,834 ,+/- 627,"251,575 ","+/- 13,616","1,371 ",+/- 745,547 ,+/- 386,"1,541 ","+/- 1,378",385 ,+/- 284,"1,570 ","+/- 1,222","1,211 ",+/- 929,"1,269 ","+/- 1,052",366 ,+/- 360,0 ,+/- 279,340 ,+/- 390,417 ,+/- 362,159 ,+/- 207,"13,150 ","+/- 2,601","1,860 ","+/- 1,255",342 ,+/- 229,964 ,+/- 731,"1,763 ","+/- 1,102",142 ,+/- 240,294 ,+/- 269,342 ,+/- 342
New York,812 ,+/- 449,"2,513 ","+/- 1,271","3,761 ","+/- 1,116",331 ,+/- 312,"23,126 ","+/- 3,121","2,373 ",+/- 811,"16,439 ","+/- 2,575","1,726 ","+/- 1,161","3,942 ","+/- 1,179","30,809 ","+/- 4,004","7,254 ","+/- 1,809","1,240 ",+/- 821,97 ,+/- 106,"7,110 ","+/- 1,850","1,618 ",+/- 634,396 ,+/- 294,"1,188 ",+/- 545,792 ,+/- 550,"2,555 ",+/- 935,"3,028 ","+/- 1,549","9,274 ","+/- 1,592","17,797 ","+/- 2,618","3,209 ",+/- 690,"1,940 ",+/- 679,943 ,+/- 731,"1,838 ",+/- 826,344 ,+/- 355,456 ,+/- 426,"2,279 ",+/- 880,"3,244 ","+/- 1,030","37,102 ","+/- 4,134","1,126 ",+/- 607,"1,905,564 ","+/- 28,618","6,521 ","+/- 1,448",0 ,+/- 269,"6,624 ","+/- 1,523","1,197 ",+/- 561,"1,528 ",+/- 795,"22,032 ","+/- 3,141","6,439 ","+/- 1,596","1,901 ",+/- 708,"3,389 ",+/- 991,304 ,+/- 384,"1,838 ",+/- 808,"10,292 ","+/- 2,265",803 ,+/- 445,"4,528 ","+/- 1,245","14,517 ","+/- 3,052","1,752 ",+/- 735,656 ,+/- 399,"1,500 ",+/- 844,198 ,+/- 242
North Carolina,"2,497 ",+/- 936,997 ,"+/- 1,064","3,920 ","+/- 1,412","1,648 ",+/- 959,"17,613 ","+/- 3,736","3,074 ","+/- 1,111","5,006 ","+/- 2,058",443 ,+/- 338,"3,076 ",+/- 838,"41,059 ","+/- 5,125","16,200 ","+/- 2,835","2,807 ","+/- 2,896","1,627 ","+/- 1,582","6,496 ","+/- 1,760","4,367 ","+/- 1,530",762 ,+/- 379,665 ,+/- 500,"1,456 ",+/- 747,"5,627 ","+/- 2,289","1,176 ",+/- 793,"16,726 ","+/- 3,255","4,638 ","+/- 1,345","6,529 ","+/- 1,957","1,467 ",+/- 632,"2,664 ","+/- 1,508","3,002 ","+/- 1,422",49 ,+/- 82,564 ,+/- 480,"1,821 ","+/- 1,219","1,181 ",+/- 561,"14,757 ","+/- 2,918","1,732 ","+/- 1,538","40,690 ","+/- 6,030","1,182,774 ","+/- 29,194",862 ,+/- 859,"11,878 ","+/- 2,935","1,906 ",+/- 770,"2,135 ","+/- 1,150","15,361 ","+/- 3,540",993 ,"+/- 1,038","1,219 ","+/- 1,144","24,793 ","+/- 4,696",222 ,+/- 293,"6,836 ","+/- 1,532","14,325 ","+/- 3,193","1,795 ","+/- 1,089",929 ,+/- 656,"33,832 ","+/- 4,726","2,952 ","+/- 1,343","5,050 ","+/- 1,842","3,489 ","+/- 1,305",592 ,+/- 469
North Dakota,77 ,+/- 107,147 ,+/- 167,833 ,+/- 804,50 ,+/- 54,"1,460 ",+/- 787,"1,285 ",+/- 758,54 ,+/- 98,0 ,+/- 200,0 ,+/- 200,516 ,+/- 501,265 ,+/- 344,107 ,+/- 181,348 ,+/- 408,236 ,+/- 262,0 ,+/- 200,241 ,+/- 213,14 ,+/- 26,175 ,+/- 270,96 ,+/- 119,0 ,+/- 200,68 ,+/- 116,71 ,+/- 115,807 ,+/- 902,"9,169 ","+/- 1,766",552 ,+/- 797,308 ,+/- 433,"1,735 ",+/- 599,407 ,+/- 456,147 ,+/- 157,0 ,+/- 200,0 ,+/- 200,221 ,+/- 272,410 ,+/- 489,35 ,+/- 59,"81,901 ","+/- 4,933",271 ,+/- 299,702 ,+/- 782,279 ,+/- 215,651 ,+/- 494,0 ,+/- 200,0 ,+/- 200,52 ,+/- 85,"1,517 ",+/- 755,589 ,+/- 555,737 ,+/- 446,0 ,+/- 200,0 ,+/- 200,386 ,+/- 417,605 ,+/- 326,0 ,+/- 200,339 ,+/- 230,298 ,+/- 351
Ohio,"1,834 ",+/- 864,745 ,+/- 480,"4,530 ","+/- 1,638","1,260 ",+/- 871,"11,098 ","+/- 2,512","2,065 ",+/- 936,984 ,+/- 496,"2,142 ","+/- 2,320",662 ,+/- 409,"22,706 ","+/- 3,679","6,776 ","+/- 1,988",106 ,+/- 121,"1,041 ","+/- 1,131","8,776 ","+/- 2,267","10,220 ","+/- 2,485","1,008 ",+/- 763,578 ,+/- 321,"14,157 ","+/- 3,587","3,807 ","+/- 1,263",197 ,+/- 187,"5,018 ","+/- 1,642","4,858 ","+/- 2,344","15,669 ","+/- 3,175","1,490 ",+/- 671,704 ,+/- 552,"2,233 ",+/- 955,171 ,+/- 151,747 ,+/- 558,"1,691 ",+/- 730,491 ,+/- 351,"4,436 ","+/- 1,594",161 ,+/- 145,"8,525 ","+/- 2,001","9,822 ","+/- 2,481",707 ,+/- 866,"1,576,517 ","+/- 33,153","1,179 ",+/- 911,635 ,+/- 391,"11,979 ","+/- 2,215","2,486 ","+/- 1,065",489 ,+/- 435,"3,083 ","+/- 1,602",0 ,+/- 261,"5,847 ","+/- 1,618","6,331 ","+/- 1,831","2,270 ",+/- 994,84 ,+/- 107,"3,831 ","+/- 1,355","1,420 ",+/- 901,"6,837 ","+/- 1,834","1,184 ",+/- 677,115 ,+/- 139
Oklahoma,513 ,+/- 397,"1,304 ",+/- 966,"4,549 ","+/- 1,777","7,936 ","+/- 2,569","8,947 ","+/- 1,828","2,656 ","+/- 1,140",279 ,+/- 292,11 ,+/- 17,0 ,+/- 244,"3,664 ","+/- 1,256","1,547 ",+/- 722,810 ,+/- 496,183 ,+/- 161,"2,278 ","+/- 1,103",933 ,+/- 532,"2,196 ","+/- 1,374","8,931 ","+/- 2,257",924 ,+/- 827,"3,122 ","+/- 1,276",0 ,+/- 244,"2,272 ","+/- 1,429",479 ,+/- 437,"1,264 ",+/- 898,"1,288 ",+/- 859,"1,524 ",+/- 839,"6,099 ","+/- 1,886",657 ,+/- 409,"2,162 ","+/- 1,693","1,402 ",+/- 651,127 ,+/- 128,517 ,+/- 407,"2,560 ","+/- 1,267","2,165 ","+/- 1,325",625 ,+/- 431,334 ,+/- 386,"1,504 ",+/- 744,"565,972 ","+/- 17,491",716 ,+/- 489,"1,016 ",+/- 541,315 ,+/- 315,0 ,+/- 244,178 ,+/- 220,365 ,+/- 248,"1,492 ",+/- 744,"28,327 ","+/- 3,975",670 ,+/- 822,0 ,+/- 244,"1,679 ",+/- 888,"2,193 ",+/- 889,220 ,+/- 277,440 ,+/- 386,546 ,+/- 430
Oregon,42 ,+/- 68,"1,422 ",+/- 719,"8,078 ","+/- 2,690",420 ,+/- 447,"51,295 ","+/- 4,509","4,424 ","+/- 1,471",268 ,+/- 259,0 ,+/- 269,744 ,+/- 582,"3,916 ","+/- 1,396","2,079 ","+/- 1,381","3,269 ","+/- 1,821","4,196 ","+/- 1,450","1,399 ",+/- 758,541 ,+/- 514,269 ,+/- 356,449 ,+/- 473,502 ,+/- 443,"1,697 ",+/- 823,131 ,+/- 153,863 ,+/- 643,710 ,+/- 408,"1,960 ","+/- 1,149","2,533 ","+/- 2,204",58 ,+/- 98,"1,170 ",+/- 760,"1,776 ",+/- 892,"1,201 ",+/- 931,"4,320 ","+/- 1,493",459 ,+/- 356,201 ,+/- 168,"1,633 ",+/- 878,"2,555 ","+/- 1,433","1,225 ",+/- 763,0 ,+/- 269,"2,565 ","+/- 2,226","1,373 ","+/- 1,136","589,004 ","+/- 21,989","1,601 ",+/- 869,152 ,+/- 256,73 ,+/- 124,295 ,+/- 249,116 ,+/- 191,927 ,+/- 559,"4,580 ","+/- 1,884","3,998 ","+/- 2,468",380 ,+/- 250,798 ,+/- 485,"24,230 ","+/- 4,096",577 ,+/- 919,"1,615 ","+/- 1,317",753 ,+/- 775
Pennsylvania,"1,410 ",+/- 990,"1,501 ",+/- 923,"2,405 ","+/- 1,254","1,153 ",+/- 958,"10,789 ","+/- 2,552","1,582 ",+/- 855,"3,708 ","+/- 1,089","5,940 ","+/- 1,835","1,845 ",+/- 782,"18,837 ","+/- 3,223","4,258 ","+/- 1,290",242 ,+/- 244,174 ,+/- 208,"3,360 ",+/- 895,"3,602 ","+/- 1,321",774 ,+/- 456,491 ,+/- 360,"1,236 ",+/- 718,"1,212 ",+/- 522,"1,413 ",+/- 737,"22,968 ","+/- 2,441","6,816 ","+/- 1,666","4,247 ","+/- 1,700",976 ,+/- 543,"1,196 ",+/- 549,"1,356 ",+/- 843,260 ,+/- 193,448 ,+/- 301,569 ,+/- 432,852 ,+/- 473,"42,717 ","+/- 4,370",836 ,+/- 462,"43,294 ","+/- 4,486","5,446 ","+/- 1,439",66 ,+/- 111,"14,106 ","+/- 2,952",942 ,+/- 641,449 ,+/- 333,"1,306,488 ","+/- 24,634","6,526 ","+/- 1,739","1,065 ",+/- 388,"2,479 ","+/- 1,206",308 ,+/- 289,"2,598 ","+/- 1,093","6,461 ","+/- 1,904",583 ,+/- 327,913 ,+/- 648,"11,032 ","+/- 1,843","2,863 ","+/- 1,523","2,470 ",+/- 754,"1,524 ",+/- 707,0 ,+/- 240
Puerto Rico,0 ,+/- 275,0 ,+/- 275,38 ,+/- 64,0 ,+/- 275,"1,210 ",+/- 705,0 ,+/- 275,"2,652 ","+/- 1,239",0 ,+/- 275,50 ,+/- 87,"5,848 ","+/- 1,639",310 ,+/- 348,0 ,+/- 275,0 ,+/- 275,875 ,+/- 716,409 ,+/- 658,79 ,+/- 135,161 ,+/- 261,0 ,+/- 275,252 ,+/- 294,0 ,+/- 275,485 ,+/- 802,"1,274 ",+/- 747,349 ,+/- 389,0 ,+/- 275,0 ,+/- 275,77 ,+/- 126,0 ,+/- 275,0 ,+/- 275,0 ,+/- 275,79 ,+/- 134,"2,284 ","+/- 1,043",53 ,+/- 90,"8,181 ","+/- 1,962",55 ,+/- 92,0 ,+/- 275,494 ,+/- 744,0 ,+/- 275,55 ,+/- 89,"3,389 ","+/- 1,403","274,764 ","+/- 13,006",86 ,+/- 101,0 ,+/- 275,0 ,+/- 275,102 ,+/- 157,362 ,+/- 595,95 ,+/- 155,0 ,+/- 275,489 ,+/- 387,0 ,+/- 275,0 ,+/- 275,714 ,+/- 653,0 ,+/- 275
Rhode Island,98 ,+/- 185,106 ,+/- 127,844 ,+/- 769,0 ,+/- 281,"1,824 ",+/- 849,114 ,+/- 139,"2,976 ","+/- 1,148",81 ,+/- 138,82 ,+/- 125,"1,240 ",+/- 593,364 ,+/- 438,263 ,+/- 200,0 ,+/- 281,277 ,+/- 280,346 ,+/- 258,75 ,+/- 124,225 ,+/- 386,0 ,+/- 281,327 ,+/- 362,174 ,+/- 214,"1,006 ",+/- 603,"8,991 ","+/- 2,099",153 ,+/- 178,71 ,+/- 118,44 ,+/- 76,0 ,+/- 281,0 ,+/- 281,0 ,+/- 281,82 ,+/- 98,"1,851 ",+/- 964,"2,093 ",+/- 952,0 ,+/- 281,"5,256 ","+/- 1,362",349 ,+/- 377,0 ,+/- 281,379 ,+/- 404,0 ,+/- 281,66 ,+/- 109,893 ,+/- 433,933 ,+/- 873,"107,653 ","+/- 8,818",236 ,+/- 388,0 ,+/- 281,44 ,+/- 56,383 ,+/- 326,118 ,+/- 173,245 ,+/- 247,575 ,+/- 408,208 ,+/- 215,0 ,+/- 281,123 ,+/- 200,0 ,+/- 281
South Carolina,"4,779 ","+/- 2,356","1,317 ",+/- 967,"2,265 ","+/- 1,111",229 ,+/- 193,"4,096 ","+/- 1,189",868 ,+/- 569,"2,429 ","+/- 1,118",361 ,+/- 456,921 ,+/- 888,"17,342 ","+/- 2,884","17,998 ","+/- 4,214","1,729 ","+/- 1,494",464 ,+/- 521,"4,100 ","+/- 1,451","2,961 ","+/- 1,089",601 ,+/- 555,497 ,+/- 303,"1,825 ",+/- 888,"2,417 ","+/- 1,163",807 ,+/- 554,"5,677 ","+/- 1,884","1,592 ",+/- 731,"3,440 ","+/- 1,195","1,566 ",+/- 621,"1,666 ",+/- 721,"1,741 ","+/- 1,178",121 ,+/- 154,348 ,+/- 372,"1,443 ","+/- 1,106","1,166 ",+/- 735,"6,862 ","+/- 2,118",215 ,+/- 217,"9,451 ","+/- 2,406","22,604 ","+/- 3,430",74 ,+/- 130,"3,446 ","+/- 1,011","1,538 ","+/- 1,037",201 ,+/- 234,"4,437 ","+/- 1,219",216 ,+/- 191,"1,458 ","+/- 1,407","543,772 ","+/- 16,048",129 ,+/- 161,"6,454 ","+/- 2,821","6,219 ","+/- 1,661",387 ,+/- 333,0 ,+/- 283,"8,560 ","+/- 2,379","1,282 ",+/- 723,"1,142 ",+/- 582,"1,690 ","+/- 1,232",193 ,+/- 175
South Dakota,0 ,+/- 216,116 ,+/- 117,923 ,+/- 630,190 ,+/- 228,"1,536 ",+/- 940,"2,196 ","+/- 1,224",25 ,+/- 41,0 ,+/- 216,0 ,+/- 216,243 ,+/- 197,245 ,+/- 314,338 ,+/- 436,60 ,+/- 78,647 ,+/- 411,492 ,+/- 370,"2,760 ",+/- 825,116 ,+/- 116,278 ,+/- 421,448 ,+/- 684,0 ,+/- 216,2 ,+/- 5,0 ,+/- 216,710 ,+/- 595,"2,869 ",+/- 826,0 ,+/- 216,297 ,+/- 229,746 ,+/- 493,"4,122 ","+/- 1,308",146 ,+/- 144,0 ,+/- 216,200 ,+/- 269,384 ,+/- 377,237 ,+/- 226,14 ,+/- 26,"2,056 ",+/- 944,492 ,+/- 488,427 ,+/- 409,963 ,+/- 621,187 ,+/- 144,0 ,+/- 216,0 ,+/- 216,68 ,+/- 112,"101,107 ","+/- 6,496",56 ,+/- 109,"1,293 ",+/- 832,229 ,+/- 267,0 ,+/- 216,17 ,+/- 31,785 ,+/- 492,0 ,+/- 216,224 ,+/- 149,544 ,+/- 419
Tennessee,"7,438 ","+/- 2,465",445 ,+/- 481,"3,087 ","+/- 1,408","3,598 ","+/- 1,606","10,721 ","+/- 2,193","1,951 ","+/- 1,093",582 ,+/- 510,60 ,+/- 99,388 ,+/- 230,"28,514 ","+/- 3,624","13,868 ","+/- 2,484",234 ,+/- 297,673 ,+/- 681,"5,337 ","+/- 1,593","6,046 ","+/- 2,565","1,154 ",+/- 956,"1,401 ",+/- 821,"11,921 ","+/- 3,103","7,087 ","+/- 2,104",729 ,+/- 556,"2,050 ",+/- 959,"1,614 ",+/- 960,"4,079 ","+/- 1,376",524 ,+/- 353,"11,443 ","+/- 2,903","5,073 ","+/- 2,323",379 ,+/- 442,709 ,+/- 435,"1,336 ","+/- 1,062",292 ,+/- 222,"1,403 ",+/- 809,420 ,+/- 358,"2,816 ","+/- 1,316","9,779 ","+/- 2,444",0 ,+/- 279,"7,782 ","+/- 2,149",939 ,+/- 724,988 ,+/- 728,"3,557 ","+/- 1,287",212 ,+/- 271,166 ,+/- 167,"2,853 ","+/- 1,178",86 ,+/- 144,"801,770 ","+/- 22,650","12,238 ","+/- 3,322",754 ,+/- 560,80 ,+/- 137,"6,028 ","+/- 1,540","1,920 ",+/- 941,667 ,+/- 603,"1,310 ",+/- 728,133 ,+/- 218
Texas,"8,736 ","+/- 2,685","4,910 ","+/- 1,734","18,641 ","+/- 3,855","14,725 ","+/- 3,012","81,572 ","+/- 7,350","18,848 ","+/- 3,336","2,884 ","+/- 1,035",223 ,+/- 215,"1,009 ",+/- 432,"39,872 ","+/- 5,162","16,629 ","+/- 3,102","8,183 ","+/- 2,937","2,055 ",+/- 931,"24,132 ","+/- 4,535","12,553 ","+/- 4,052","3,635 ","+/- 1,145","11,043 ","+/- 2,959","5,460 ","+/- 2,143","118,552 ","+/- 9,858",355 ,+/- 294,"7,915 ","+/- 1,988","5,868 ","+/- 2,028","9,942 ","+/- 2,468","11,371 ","+/- 3,180","12,692 ","+/- 3,065","11,501 ","+/- 2,850","1,564 ",+/- 905,"3,558 ","+/- 1,887","5,724 ","+/- 1,681","1,308 ",+/- 733,"12,099 ","+/- 3,477","14,989 ","+/- 3,626","20,436 ","+/- 4,132","12,326 ","+/- 2,699",551 ,+/- 464,"14,269 ","+/- 3,737","27,363 ","+/- 3,850","3,523 ","+/- 1,310","5,615 ","+/- 1,483","2,143 ","+/- 1,041",303 ,+/- 326,"6,777 ","+/- 2,496","2,421 ","+/- 1,489","7,222 ","+/- 2,089","3,774,590 ","+/- 57,820","3,439 ","+/- 1,293",120 ,+/- 144,"16,676 ","+/- 3,088","10,857 ","+/- 2,391","1,428 ",+/- 687,"4,121 ","+/- 1,510","2,700 ","+/- 1,060"
Utah,723 ,+/- 451,605 ,+/- 443,"7,495 ","+/- 2,939",247 ,+/- 220,"24,994 ","+/- 4,030","3,449 ","+/- 1,263",597 ,+/- 508,0 ,+/- 255,0 ,+/- 255,"2,811 ","+/- 1,393",766 ,+/- 512,"1,109 ",+/- 574,"9,037 ","+/- 2,392","1,630 ",+/- 828,"1,164 ","+/- 1,076",112 ,+/- 132,107 ,+/- 93,"1,106 ",+/- 640,"1,226 ",+/- 732,409 ,+/- 548,413 ,+/- 236,765 ,+/- 490,"1,642 ",+/- 876,"1,028 ","+/- 1,172",185 ,+/- 297,"1,157 ",+/- 779,"1,242 ",+/- 625,404 ,+/- 351,"5,898 ","+/- 1,912",0 ,+/- 255,402 ,+/- 402,684 ,+/- 711,"1,720 ","+/- 1,197",703 ,+/- 442,208 ,+/- 290,"1,135 ",+/- 699,595 ,+/- 525,"4,270 ","+/- 1,775","1,205 ",+/- 668,29 ,+/- 55,85 ,+/- 140,"1,454 ","+/- 1,158",159 ,+/- 276,"1,499 ","+/- 1,240","6,646 ","+/- 1,577","417,381 ","+/- 16,642",604 ,+/- 663,"1,784 ",+/- 811,"4,221 ","+/- 1,335",88 ,+/- 129,781 ,+/- 491,"2,446 ","+/- 1,129"
Vermont,17 ,+/- 28,0 ,+/- 205,455 ,+/- 470,66 ,+/- 113,554 ,+/- 311,943 ,+/- 790,"1,709 ",+/- 679,0 ,+/- 205,398 ,+/- 484,"2,282 ","+/- 1,373",446 ,+/- 400,50 ,+/- 84,18 ,+/- 32,35 ,+/- 73,0 ,+/- 205,0 ,+/- 205,0 ,+/- 205,55 ,+/- 63,0 ,+/- 205,"1,577 ","+/- 1,071","1,389 ",+/- 945,"2,751 ",+/- 724,224 ,+/- 221,65 ,+/- 107,225 ,+/- 366,17 ,+/- 28,88 ,+/- 101,0 ,+/- 205,0 ,+/- 205,"2,241 ",+/- 756,725 ,+/- 423,68 ,+/- 86,"4,988 ","+/- 1,403",185 ,+/- 256,0 ,+/- 205,284 ,+/- 299,124 ,+/- 205,245 ,+/- 294,545 ,+/- 330,0 ,+/- 205,324 ,+/- 226,68 ,+/- 112,0 ,+/- 205,155 ,+/- 160,629 ,+/- 463,58 ,+/- 97,"63,340 ","+/- 5,247","1,527 ","+/- 1,429",252 ,+/- 257,0 ,+/- 205,248 ,+/- 351,51 ,+/- 68
Virginia,"3,379 ","+/- 1,083","4,116 ","+/- 1,557","3,286 ","+/- 1,501","1,061 ",+/- 667,"18,797 ","+/- 4,032","3,140 ","+/- 1,073","4,694 ","+/- 1,538",993 ,+/- 692,"10,818 ","+/- 2,601","18,446 ","+/- 3,037","7,512 ","+/- 2,124","3,480 ","+/- 2,285",811 ,+/- 623,"12,983 ","+/- 3,386","3,579 ","+/- 2,321",374 ,+/- 265,"1,526 ",+/- 706,"3,636 ","+/- 1,550","6,189 ","+/- 2,344","1,920 ","+/- 1,582","22,403 ","+/- 2,833","4,795 ","+/- 1,588","5,832 ","+/- 1,715","1,505 ",+/- 585,"2,128 ","+/- 1,528","2,913 ","+/- 1,062",447 ,+/- 547,"1,477 ",+/- 844,496 ,+/- 380,"1,213 ",+/- 757,"8,100 ","+/- 1,935",912 ,+/- 709,"21,198 ","+/- 3,847","27,214 ","+/- 3,707",270 ,+/- 295,"6,481 ","+/- 1,611","2,160 ","+/- 1,235","1,472 ",+/- 975,"13,933 ","+/- 2,787","1,247 ",+/- 671,"1,666 ","+/- 1,159","9,870 ","+/- 2,383",193 ,+/- 321,"7,862 ","+/- 2,131","18,639 ","+/- 3,663","1,071 ",+/- 690,726 ,+/- 464,"941,937 ","+/- 23,573","4,712 ","+/- 1,355","5,119 ","+/- 1,277",631 ,+/- 512,38 ,+/- 65
Washington,547 ,+/- 350,"4,161 ","+/- 1,658","9,879 ","+/- 2,837",944 ,+/- 671,"53,034 ","+/- 6,203","5,687 ","+/- 2,002","1,539 ",+/- 899,112 ,+/- 165,137 ,+/- 163,"7,442 ","+/- 2,298","3,194 ","+/- 1,456","4,703 ","+/- 1,485","11,303 ","+/- 3,430","7,825 ","+/- 2,635","2,197 ","+/- 1,264",710 ,+/- 509,"2,373 ","+/- 1,267",584 ,+/- 499,"2,785 ","+/- 1,481",456 ,+/- 321,"1,950 ","+/- 1,246","2,139 ",+/- 982,"3,975 ","+/- 1,884","4,704 ","+/- 2,118",716 ,+/- 407,"2,970 ","+/- 1,299","3,514 ","+/- 1,348",576 ,+/- 352,"5,336 ","+/- 1,547",269 ,+/- 353,"1,595 ",+/- 822,887 ,+/- 562,"6,041 ","+/- 2,455","3,456 ","+/- 1,415","1,318 ","+/- 1,050","3,876 ","+/- 1,650","2,136 ",+/- 947,"28,905 ","+/- 4,386","1,572 ",+/- 686,148 ,+/- 244,430 ,+/- 299,"1,495 ",+/- 695,"1,016 ",+/- 698,894 ,+/- 539,"15,382 ","+/- 4,476","4,929 ","+/- 2,269",271 ,+/- 307,"6,082 ","+/- 2,225","1,001,766 ","+/- 22,902",0 ,+/- 267,"1,275 ",+/- 915,515 ,+/- 356
West Virginia,993 ,+/- 783,817 ,+/- 603,16 ,+/- 27,30 ,+/- 52,"1,022 ",+/- 698,192 ,+/- 284,323 ,+/- 395,335 ,+/- 316,327 ,+/- 218,"3,448 ","+/- 1,063","1,254 ",+/- 722,49 ,+/- 84,30 ,+/- 52,651 ,+/- 455,98 ,+/- 103,0 ,+/- 261,43 ,+/- 72,"1,785 ",+/- 941,429 ,+/- 372,0 ,+/- 261,"5,142 ","+/- 1,503",150 ,+/- 259,651 ,+/- 286,131 ,+/- 171,672 ,+/- 541,289 ,+/- 383,0 ,+/- 261,0 ,+/- 261,229 ,+/- 302,153 ,+/- 175,"1,018 ",+/- 469,0 ,+/- 261,"1,406 ",+/- 695,"3,185 ","+/- 1,058",0 ,+/- 261,"9,928 ","+/- 2,447",524 ,+/- 570,743 ,+/- 665,"3,559 ","+/- 1,273",0 ,+/- 261,0 ,+/- 261,792 ,+/- 538,0 ,+/- 261,993 ,+/- 711,"1,184 ",+/- 581,57 ,+/- 98,29 ,+/- 50,"6,846 ","+/- 1,875",724 ,+/- 385,"177,710 ","+/- 9,789",43 ,+/- 77,0 ,+/- 261
Wisconsin,"1,791 ","+/- 1,731",406 ,+/- 498,"2,331 ","+/- 1,003","2,285 ","+/- 1,580","4,365 ","+/- 1,329","2,171 ",+/- 990,590 ,+/- 685,0 ,+/- 211,312 ,+/- 252,"6,447 ","+/- 1,959","1,749 ","+/- 1,574",24 ,+/- 39,64 ,+/- 87,"20,852 ","+/- 3,273","2,012 ","+/- 1,106","2,777 ",+/- 938,510 ,+/- 391,653 ,+/- 531,"1,301 ",+/- 820,304 ,+/- 250,305 ,+/- 279,924 ,+/- 565,"5,226 ","+/- 1,602","18,939 ","+/- 2,384",289 ,+/- 279,"2,000 ",+/- 752,210 ,+/- 225,285 ,+/- 205,627 ,+/- 393,122 ,+/- 143,"1,010 ",+/- 663,173 ,+/- 166,"2,407 ","+/- 1,330","2,131 ",+/- 984,736 ,+/- 756,"1,983 ",+/- 860,339 ,+/- 294,892 ,+/- 632,"1,024 ",+/- 427,"1,125 ",+/- 858,420 ,+/- 402,732 ,+/- 511,362 ,+/- 294,"1,097 ",+/- 567,"3,734 ","+/- 1,425",750 ,+/- 494,62 ,+/- 104,"1,413 ",+/- 720,"1,394 ",+/- 528,0 ,+/- 211,"740,600 ","+/- 17,929",11 ,+/- 19
Wyoming,140 ,+/- 160,171 ,+/- 236,916 ,+/- 704,398 ,+/- 325,"1,200 ",+/- 745,"6,477 ","+/- 2,470",33 ,+/- 70,0 ,+/- 259,98 ,+/- 134,690 ,+/- 573,15 ,+/- 33,0 ,+/- 259,220 ,+/- 369,397 ,+/- 340,349 ,+/- 323,70 ,+/- 116,121 ,+/- 156,0 ,+/- 259,432 ,+/- 518,50 ,+/- 82,379 ,+/- 378,0 ,+/- 259,"1,005 ",+/- 731,304 ,+/- 309,174 ,+/- 308,348 ,+/- 371,966 ,+/- 602,583 ,+/- 343,810 ,+/- 709,0 ,+/- 259,91 ,+/- 149,726 ,+/- 619,0 ,+/- 259,0 ,+/- 259,52 ,+/- 76,528 ,+/- 472,279 ,+/- 237,671 ,+/- 490,268 ,+/- 423,0 ,+/- 259,0 ,+/- 259,"1,113 ","+/- 1,355",646 ,+/- 410,247 ,+/- 270,"3,012 ","+/- 1,385","1,420 ",+/- 743,0 ,+/- 259,127 ,+/- 140,892 ,+/- 670,0 ,+/- 259,935 ,+/- 946,"67,900 ","+/- 5,757"
Footnotes:,,,,,,,,,,,,,,,,,,,,,,,,,,,,,,,,,,,,,,,,,,,,,,,,,,,,,,,,,,,,,,,,,,,,,,,,,,,,,,,,,,,,,,,,,,,,,,,,,,,,,,,,
MOE - Margin of error based on 90% confidence interval,,,,,,,,,,,,,,,,,,,,,,,,,,,,,,,,,,,,,,,,,,,,,,,,,,,,,,,,,,,,,,,,,,,,,,,,,,,,,,,,,,,,,,,,,,,,,,,,,,,,,,,,
"Source: U.S. Census Bureau, 2006 American Community Survey",,,,,,,,,,,,,,,,,,,,,,,,,,,,,,,,,,,,,,,,,,,,,,,,,,,,,,,,,,,,,,,,,,,,,,,,,,,,,,,,,,,,,,,,,,,,,,,,,,,,,,,,